{
  "compatibilityLevel": "JAVA_8",
  "package": "mrfast.skyblockfeatures.mixins",
  "refmap": "mixins.skyblockfeatures.refmap.json",
  "minVersion": "0.8",
  "mixins": [
    "AccessorCommandHandler",
    "AccessorGuiEditSign",
    "AccessorGuiNewChat",
    "MixinRenderGlobal",
    "AccessorSettingsGui",
    "MixinBlockRendererDispatcher",
    "MixinBossStatus",
    "MixinChunk",
    "MixinGui",
    "MixinAbstractClientPlayer",
    "MixinCrashReport",
    "MixinRendererLivingEntity",
    "MixinEntityBlaze",
    "MixinGuiConnecting",
    "MixinBlockNetherWart",
    "MixinBlockCrops",
    "MixinEntityLivingBase",
    "MixinEntityPlayerSP",
    "MixinEntityRenderer",
    "MixinGuiContainer",
    "MixinGuiIngame",
    "MixinLayerHeldItem",
    "MixinModelBiped",
    "MixinGuiScreen",
    "MixinItemRenderer",
    "MixinMinecraft",
    "MixinNetHandlerPlayClient",
    "MixinNetworkManager",
    "MixinPlayerControllerMP",
    "MixinRender",
    "MixinRenderItem",
    "MixinRenderLightningBolt",
    "MixinSoundManager",
    "MixinRenderList",
    "MixinVboRenderList",
    "MixinInventoryEffectRenderer",
    "MixinWorld"
  ],
  "verbose": true
}